variable_name,units,value,data_reference,sourced
u_in,J_per_m3,13332,harness test value (definitional for a stand-alone test),no
u_out,J_per_m3,10666,harness test value (definitional for a stand-alone test),no
A_nn,m2,0.000314,circulatory_autogen 3compartment: defined_by_user_from_BB128,no
M_st,dimensionless,1,circulatory_autogen 3compartment: Mynard_2012,no
M_rg,dimensionless,0,circulatory_autogen 3compartment: Mynard_2012,no
K_vo,m3_per_Js,0.04,circulatory_autogen 3compartment: to_be_identified,no
K_vc,m3_per_Js,0.04,circulatory_autogen 3compartment: to_be_identified,no
l_eff,metre,0.01,circulatory_autogen 3compartment: to_be_identified,no
rho,Js2_per_m5,1050,circulatory_autogen 3compartment: known,no
