variable_name,units,value,data_reference
R_pvn,Js_per_m6,1333000,Blanco_2013_Table_8
q_C_init_pvn,m3,0.0001,user_defined
C_pvn,m6_per_J,0.0000000060015,to_be_identified
u_ext_pvn,J_per_m3,0,user_defined
I_pvn,Js2_per_m6,0.01,small_chosen
q_us_0_pvn,m3,0,user_defined
Delta_q_us_pvn,dimensionless,0,user_defined
Delta_C_pvn,dimensionless,0,user_defined
R_par,Js_per_m6,10664000,Blanco_2013_Table_8
C_par,m6_per_J,3.09077E-10,to_be_identified
u_ext_par,J_per_m3,0,user_defined
I_par,Js2_per_m6,0.000001,Blanco_2013_Table_8
u_0_par,J_per_m3,1463,Mynard&Smolich_2015_assumedRefOf11mmHg
q_0_par,m3,0,user_defined_TO_DO
r_0_par,metre,0.0135,Mynard&Smolich_2015_mainPA_NOT_USED
l_par,metre,0.043,Mynard&Smolich_2015_mainPA_NOT_USED
R_aortic_root,Js_per_m6,1000000,to_be_identified
C_aortic_root,m6_per_J,0.000000012028,to_be_identified
u_ext_aortic_root,J_per_m3,0,user_defined
I_aortic_root,Js2_per_m6,10000,to_be_identified
u_0_aortic_root,J_per_m3,13300,Mynard&Smolich_2015_assumedRefOf100mmHg
q_0_aortic_root,m3,0.00000694,Mynard&Smolich_2015
r_0_aortic_root,metre,0.014865,Mynard&Smolich_2015_NOT_USED
l_aortic_root,metre,0.01,Mynard&Smolich_2015_NOT_USED
R_T_systemic_T,Js_per_m6,110000000,calculated_from_mean_P_and_v
C_T_systemic_T,m6_per_J,0.0000001,calculated_from_approx_P_and_q
I_T_systemic_T,Js2_per_m6,0.1,former_hardcoded_default
u_ext_systemic_T,J_per_m3,0,user_defined
q_us_systemic_T,m3,0.00245,user_defined_70%Of3.5LVenousTotBloodVolume
q_init_systemic_T,m3,0.00245,user_defined_70%Of3.5LVenousTotBloodVolume
R_venous_svc,Js_per_m6,1114600,small_chosen
q_C_init_venous_svc,m3,0.0013,user_defined
C_venous_svc,m6_per_J,0.000001,calculated_from_typical_venous_pressure_init_stressed_vol
u_ext_venous_svc,J_per_m3,0,user_defined
I_venous_svc,Js2_per_m6,0.01,small_chosen
q_us_0_venous_svc,m3,0,user_defined
Delta_q_us_venous_svc,dimensionless,0,user_defined
Delta_C_venous_svc,dimensionless,0,user_defined
