variable_name,units,value,data_reference,sourced
C_sensed,picoF,2,"unreferenced_placeholder; owner's hand-set value in the SN_simple model (CA token 'user_defined'); filter capacitance of the sensed-voltage (electrode) stage, not a physiological quantity",no
d,um,24.285900630052804,"definitional; soma diameter of the sphere of the model volume: d = (Vol/k_V)^(1/3) = (6 Vol/pi)^(1/3) with Vol = 7,500 um^3, the previous volume parameter (Wallis1996; rat stellate soma, mean projected area ~463 um^2; 7,500 um^3 the owner's choice on review, see SN_Na_K_concentrations_soma)",no
k_A,dimensionless,5.086427133679043,"definitional; area shape factor A = k_A d^2, chosen to reproduce the previous Cm: A = Cm/c_m = 30 pF (the previous Cm, Hong2021: rat stellate ganglion whole-cell capacitance 33-36 pF) / (0.01 pF/um^2) = 3,000 um^2, so k_A = A/d^2 = 5.086. It is larger than a sphere's pi because the area includes membrane beyond the soma sphere (dendrites)",no
k_V,dimensionless,0.5235987755982988,"definitional; volume shape factor V = k_V d^3 of a sphere, pi/6 (to double precision; the last bit is chosen so that Vol reproduces the previous value where a float allows)",no
c_m,uF_per_cm2,1.0,"Gentet2000; specific membrane capacitance 0.9 uF/cm^2 measured directly in nucleated patches of cortical pyramidal, spinal cord and hippocampal neurons (Abstract); 1 uF/cm^2 (0.01 pF/um^2) is the conventional value used here",yes
I_in,nanoA,0.0,definitional; injected current (positive depolarises); 0 = no stimulus,no
I_out,nanoA,0.0,"definitional; axial current to the axon, supplied in a network; 0 for the isolated soma",no
R_diffSensed,megaOhm,10,"unreferenced_placeholder; owner's hand-set value in the SN_simple model (CA token 'user_defined'); filter resistance of the sensed-voltage (electrode) stage, not a physiological quantity",no
V_rest_approx,milliV,-70,"Davis2020; resting membrane potential of rat stellate neurons: Wistar -72.6 +- 1.0 mV (Fig. 4C), SHR -70.3 +- 1.4 mV (Fig. 5D); -70 mV approximates it (the CA token cites Davis2021Thesis, whose current-clamp traces the value was read from)",yes
