variable_name,units,value,data_reference
stim_flag_stim,dimensionless,1,pulse train on
t_start_stim,second,0.01,first pulse after 10 ms at rest
t_end_stim,second,1000.0,pulses throughout
period_stim,second,0.05,20 Hz train (a high sympathetic firing rate)
pulse_duration_stim,second,0.002,2 ms current pulse
i_amplitude_stim,nanoA,-1.0,"suprathreshold: -1 nA (the soma takes I_in as an outward current, so a depolaris"
V_rest_approx_soma_SN,milliV,EMPTY_MUST_BE_FILLED,EMPTY_MUST_BE_FILLED
h_BK_min_soma_SN,dimensionless,EMPTY_MUST_BE_FILLED,EMPTY_MUST_BE_FILLED
z_BK_coeff_soma_SN,millimolar,EMPTY_MUST_BE_FILLED,EMPTY_MUST_BE_FILLED
V_mid_m_soma_SN,milliV,EMPTY_MUST_BE_FILLED,EMPTY_MUST_BE_FILLED
V_mid_h_soma_SN,milliV,EMPTY_MUST_BE_FILLED,EMPTY_MUST_BE_FILLED
V_den_m_soma_SN,milliV,EMPTY_MUST_BE_FILLED,EMPTY_MUST_BE_FILLED
V_den_h_soma_SN,milliV,EMPTY_MUST_BE_FILLED,EMPTY_MUST_BE_FILLED
V_mid_m_Na1_6_soma_SN,milliV,EMPTY_MUST_BE_FILLED,EMPTY_MUST_BE_FILLED
V_mid_h_Na1_6_soma_SN,milliV,EMPTY_MUST_BE_FILLED,EMPTY_MUST_BE_FILLED
V_den_m_Na1_6_soma_SN,milliV,EMPTY_MUST_BE_FILLED,EMPTY_MUST_BE_FILLED
V_den_h_Na1_6_soma_SN,milliV,EMPTY_MUST_BE_FILLED,EMPTY_MUST_BE_FILLED
V_mid_c_soma_SN,milliV,EMPTY_MUST_BE_FILLED,EMPTY_MUST_BE_FILLED
V_den_c_soma_SN,milliV,EMPTY_MUST_BE_FILLED,EMPTY_MUST_BE_FILLED
V_mid_m_Kv1_5_soma_SN,milliV,EMPTY_MUST_BE_FILLED,EMPTY_MUST_BE_FILLED
V_den_m_Kv1_5_soma_SN,milliV,EMPTY_MUST_BE_FILLED,EMPTY_MUST_BE_FILLED
V_mid_h_Kv1_5_soma_SN,milliV,EMPTY_MUST_BE_FILLED,EMPTY_MUST_BE_FILLED
V_den_h_Kv1_5_soma_SN,milliV,EMPTY_MUST_BE_FILLED,EMPTY_MUST_BE_FILLED
V_mid_m_Kv4_2_soma_SN,milliV,EMPTY_MUST_BE_FILLED,EMPTY_MUST_BE_FILLED
V_den_m_Kv4_2_soma_SN,milliV,EMPTY_MUST_BE_FILLED,EMPTY_MUST_BE_FILLED
V_mid_h_Kv4_2_soma_SN,milliV,EMPTY_MUST_BE_FILLED,EMPTY_MUST_BE_FILLED
V_den_h_Kv4_2_soma_SN,milliV,EMPTY_MUST_BE_FILLED,EMPTY_MUST_BE_FILLED
V_mid_m_Kv2_soma_SN,milliV,EMPTY_MUST_BE_FILLED,EMPTY_MUST_BE_FILLED
V_den_m_Kv2_soma_SN,milliV,EMPTY_MUST_BE_FILLED,EMPTY_MUST_BE_FILLED
V_mid_w_soma_SN,milliV,EMPTY_MUST_BE_FILLED,EMPTY_MUST_BE_FILLED
Delta_V_mid_w_soma_SN,milliV,EMPTY_MUST_BE_FILLED,EMPTY_MUST_BE_FILLED
V_den_w_soma_SN,milliV,EMPTY_MUST_BE_FILLED,EMPTY_MUST_BE_FILLED
V_den_m_BK_soma_SN,milliV,EMPTY_MUST_BE_FILLED,EMPTY_MUST_BE_FILLED
V_mid_h_BK_soma_SN,milliV,EMPTY_MUST_BE_FILLED,EMPTY_MUST_BE_FILLED
V_den_h_BK_soma_SN,milliV,EMPTY_MUST_BE_FILLED,EMPTY_MUST_BE_FILLED
k_thresh_m_soma_SN,milliV,EMPTY_MUST_BE_FILLED,EMPTY_MUST_BE_FILLED
k_thresh_h_soma_SN,milliV,EMPTY_MUST_BE_FILLED,EMPTY_MUST_BE_FILLED
tau_h_min_soma_SN,millis,EMPTY_MUST_BE_FILLED,EMPTY_MUST_BE_FILLED
tau_h_max_soma_SN,millis,EMPTY_MUST_BE_FILLED,EMPTY_MUST_BE_FILLED
tau_h_Na1_6_min_soma_SN,millis,EMPTY_MUST_BE_FILLED,EMPTY_MUST_BE_FILLED
tau_h_Na1_6_max_soma_SN,millis,EMPTY_MUST_BE_FILLED,EMPTY_MUST_BE_FILLED
tau_w_min_soma_SN,millis,EMPTY_MUST_BE_FILLED,EMPTY_MUST_BE_FILLED
tau_c_min_soma_SN,millis,EMPTY_MUST_BE_FILLED,EMPTY_MUST_BE_FILLED
tau_c_max_soma_SN,millis,EMPTY_MUST_BE_FILLED,EMPTY_MUST_BE_FILLED
tau_hc_soma_SN,millis,EMPTY_MUST_BE_FILLED,EMPTY_MUST_BE_FILLED
tau_h_Kv4_2_soma_SN,millis,EMPTY_MUST_BE_FILLED,EMPTY_MUST_BE_FILLED
tau_z_BK_soma_SN,millis,EMPTY_MUST_BE_FILLED,EMPTY_MUST_BE_FILLED
tau_m_SK_soma_SN,millis,EMPTY_MUST_BE_FILLED,EMPTY_MUST_BE_FILLED
R_diffSensed_soma_SN,megaOhm,EMPTY_MUST_BE_FILLED,EMPTY_MUST_BE_FILLED
C_sensed_soma_SN,picoF,EMPTY_MUST_BE_FILLED,EMPTY_MUST_BE_FILLED
p_SK_soma_SN,dimensionless,EMPTY_MUST_BE_FILLED,EMPTY_MUST_BE_FILLED
Cai_init_soma_SN,millimolar,EMPTY_MUST_BE_FILLED,EMPTY_MUST_BE_FILLED
Ca_mid_m_SK_soma_SN,millimolar,EMPTY_MUST_BE_FILLED,EMPTY_MUST_BE_FILLED
B_Ca_init_soma_SN,millimolar,EMPTY_MUST_BE_FILLED,EMPTY_MUST_BE_FILLED
B_Ca_total_soma_SN,millimolar,EMPTY_MUST_BE_FILLED,EMPTY_MUST_BE_FILLED
k_bind_Ca_soma_SN,per_millimolar_s,EMPTY_MUST_BE_FILLED,EMPTY_MUST_BE_FILLED
k_unbind_Ca_soma_SN,per_s,EMPTY_MUST_BE_FILLED,EMPTY_MUST_BE_FILLED
k_bind_Ca_ER_soma_SN,per_millimolar_s,EMPTY_MUST_BE_FILLED,EMPTY_MUST_BE_FILLED
k_unbind_Ca_ER_soma_SN,per_s,EMPTY_MUST_BE_FILLED,EMPTY_MUST_BE_FILLED
Nai_init_soma_SN,millimolar,EMPTY_MUST_BE_FILLED,EMPTY_MUST_BE_FILLED
Ki_init_soma_SN,millimolar,EMPTY_MUST_BE_FILLED,EMPTY_MUST_BE_FILLED
rho_Na_soma_SN,per_um2,EMPTY_MUST_BE_FILLED,EMPTY_MUST_BE_FILLED
gamma_Na_soma_SN,picoS,EMPTY_MUST_BE_FILLED,EMPTY_MUST_BE_FILLED
g_Na_mod_soma_SN,dimensionless,EMPTY_MUST_BE_FILLED,EMPTY_MUST_BE_FILLED
rho_Na1_6_soma_SN,per_um2,EMPTY_MUST_BE_FILLED,EMPTY_MUST_BE_FILLED
gamma_Na1_6_soma_SN,picoS,EMPTY_MUST_BE_FILLED,EMPTY_MUST_BE_FILLED
g_Na1_6_mod_soma_SN,dimensionless,EMPTY_MUST_BE_FILLED,EMPTY_MUST_BE_FILLED
rho_CaL_soma_SN,per_um2,EMPTY_MUST_BE_FILLED,EMPTY_MUST_BE_FILLED
p_Ca_single_soma_SN,um3_per_s,EMPTY_MUST_BE_FILLED,EMPTY_MUST_BE_FILLED
rho_Kv1_5_soma_SN,per_um2,EMPTY_MUST_BE_FILLED,EMPTY_MUST_BE_FILLED
gamma_Kv1_5_soma_SN,picoS,EMPTY_MUST_BE_FILLED,EMPTY_MUST_BE_FILLED
rho_Kv4_2_soma_SN,per_um2,EMPTY_MUST_BE_FILLED,EMPTY_MUST_BE_FILLED
gamma_Kv4_2_soma_SN,picoS,EMPTY_MUST_BE_FILLED,EMPTY_MUST_BE_FILLED
rho_Kv2_soma_SN,per_um2,EMPTY_MUST_BE_FILLED,EMPTY_MUST_BE_FILLED
gamma_Kv2_soma_SN,picoS,EMPTY_MUST_BE_FILLED,EMPTY_MUST_BE_FILLED
rho_BK_soma_SN,per_um2,EMPTY_MUST_BE_FILLED,EMPTY_MUST_BE_FILLED
gamma_BK_soma_SN,picoS,EMPTY_MUST_BE_FILLED,EMPTY_MUST_BE_FILLED
rho_SK_soma_SN,per_um2,EMPTY_MUST_BE_FILLED,EMPTY_MUST_BE_FILLED
gamma_SK_soma_SN,picoS,EMPTY_MUST_BE_FILLED,EMPTY_MUST_BE_FILLED
g_KCa_SK_mod_soma_SN,dimensionless,EMPTY_MUST_BE_FILLED,EMPTY_MUST_BE_FILLED
c_m_soma_SN,uF_per_cm2,EMPTY_MUST_BE_FILLED,EMPTY_MUST_BE_FILLED
d_soma_SN,um,EMPTY_MUST_BE_FILLED,EMPTY_MUST_BE_FILLED
k_A_soma_SN,dimensionless,EMPTY_MUST_BE_FILLED,EMPTY_MUST_BE_FILLED
k_V_soma_SN,dimensionless,EMPTY_MUST_BE_FILLED,EMPTY_MUST_BE_FILLED
Cao_soma_SN,millimolar,EMPTY_MUST_BE_FILLED,EMPTY_MUST_BE_FILLED
Ko_soma_SN,millimolar,EMPTY_MUST_BE_FILLED,EMPTY_MUST_BE_FILLED
Nao_soma_SN,millimolar,EMPTY_MUST_BE_FILLED,EMPTY_MUST_BE_FILLED
rho_M_soma_SN,per_um2,EMPTY_MUST_BE_FILLED,EMPTY_MUST_BE_FILLED
gamma_M_soma_SN,picoS,EMPTY_MUST_BE_FILLED,EMPTY_MUST_BE_FILLED
g_M_mod_soma_SN,dimensionless,EMPTY_MUST_BE_FILLED,EMPTY_MUST_BE_FILLED
rho_leak_Na_soma_SN,per_um2,EMPTY_MUST_BE_FILLED,EMPTY_MUST_BE_FILLED
gamma_leak_Na_soma_SN,picoS,EMPTY_MUST_BE_FILLED,EMPTY_MUST_BE_FILLED
rho_leak_K_soma_SN,per_um2,EMPTY_MUST_BE_FILLED,EMPTY_MUST_BE_FILLED
gamma_leak_K_soma_SN,picoS,EMPTY_MUST_BE_FILLED,EMPTY_MUST_BE_FILLED
delta_gM_soma_SN,microS,EMPTY_MUST_BE_FILLED,EMPTY_MUST_BE_FILLED
tau_w_num_soma_SN,millis,EMPTY_MUST_BE_FILLED,EMPTY_MUST_BE_FILLED
cAMP_soma_SN,dimensionless,EMPTY_MUST_BE_FILLED,EMPTY_MUST_BE_FILLED
rho_NaCa_soma_SN,per_um2,EMPTY_MUST_BE_FILLED,EMPTY_MUST_BE_FILLED
r_NaCa_soma_SN,per_s,EMPTY_MUST_BE_FILLED,EMPTY_MUST_BE_FILLED
alpha_NaCa_soma_SN,dimensionless,EMPTY_MUST_BE_FILLED,EMPTY_MUST_BE_FILLED
gamma_NaCa_soma_SN,dimensionless,EMPTY_MUST_BE_FILLED,EMPTY_MUST_BE_FILLED
Ksat_soma_SN,dimensionless,EMPTY_MUST_BE_FILLED,EMPTY_MUST_BE_FILLED
KmCa_soma_SN,millimolar,EMPTY_MUST_BE_FILLED,EMPTY_MUST_BE_FILLED
KmNai_soma_SN,millimolar,EMPTY_MUST_BE_FILLED,EMPTY_MUST_BE_FILLED
rho_NaK_soma_SN,per_um2,EMPTY_MUST_BE_FILLED,EMPTY_MUST_BE_FILLED
r_NaK_soma_SN,per_s,EMPTY_MUST_BE_FILLED,EMPTY_MUST_BE_FILLED
Nai_mid_NaK_soma_SN,millimolar,EMPTY_MUST_BE_FILLED,EMPTY_MUST_BE_FILLED
Nai_power_NaK_soma_SN,dimensionless,EMPTY_MUST_BE_FILLED,EMPTY_MUST_BE_FILLED
Ko_mid_NaK_soma_SN,millimolar,EMPTY_MUST_BE_FILLED,EMPTY_MUST_BE_FILLED
Ca_ER_init_soma_SN,millimolar,EMPTY_MUST_BE_FILLED,EMPTY_MUST_BE_FILLED
K_mf_soma_SN,millimolar,EMPTY_MUST_BE_FILLED,EMPTY_MUST_BE_FILLED
K_mr_soma_SN,millimolar,EMPTY_MUST_BE_FILLED,EMPTY_MUST_BE_FILLED
rho_SERCA_soma_SN,per_um2,EMPTY_MUST_BE_FILLED,EMPTY_MUST_BE_FILLED
r_SERCA_soma_SN,per_s,EMPTY_MUST_BE_FILLED,EMPTY_MUST_BE_FILLED
H_SERCA_soma_SN,dimensionless,EMPTY_MUST_BE_FILLED,EMPTY_MUST_BE_FILLED
rho_RyR_soma_SN,per_um2,EMPTY_MUST_BE_FILLED,EMPTY_MUST_BE_FILLED
k_RyR_single_soma_SN,um3_per_s,EMPTY_MUST_BE_FILLED,EMPTY_MUST_BE_FILLED
kon_a_RyR_soma_SN,per_millimolar_per_s,EMPTY_MUST_BE_FILLED,EMPTY_MUST_BE_FILLED
koff_a_RyR_soma_SN,per_s,EMPTY_MUST_BE_FILLED,EMPTY_MUST_BE_FILLED
kon_i_RyR_soma_SN,per_millimolar_per_s,EMPTY_MUST_BE_FILLED,EMPTY_MUST_BE_FILLED
koff_i_RyR_soma_SN,per_s,EMPTY_MUST_BE_FILLED,EMPTY_MUST_BE_FILLED
kon_l_RyR_soma_SN,per_millimolar_per_s,EMPTY_MUST_BE_FILLED,EMPTY_MUST_BE_FILLED
koff_l_RyR_soma_SN,per_s,EMPTY_MUST_BE_FILLED,EMPTY_MUST_BE_FILLED
N_l_RyR_soma_SN,dimensionless,EMPTY_MUST_BE_FILLED,EMPTY_MUST_BE_FILLED
c_ER_soma_SN,dimensionless,EMPTY_MUST_BE_FILLED,EMPTY_MUST_BE_FILLED
d_shell_soma_SN,um,EMPTY_MUST_BE_FILLED,EMPTY_MUST_BE_FILLED
tau_shell_soma_SN,millis,EMPTY_MUST_BE_FILLED,EMPTY_MUST_BE_FILLED
rho_IP3R_soma_SN,per_um2,EMPTY_MUST_BE_FILLED,EMPTY_MUST_BE_FILLED
k_IP3R_single_soma_SN,um3_per_s,EMPTY_MUST_BE_FILLED,EMPTY_MUST_BE_FILLED
rho_leak_Ca_soma_SN,per_um2,EMPTY_MUST_BE_FILLED,EMPTY_MUST_BE_FILLED
k_leak_Ca_single_soma_SN,um3_per_s,EMPTY_MUST_BE_FILLED,EMPTY_MUST_BE_FILLED
h_IP3_init_soma_SN,dimensionless,EMPTY_MUST_BE_FILLED,EMPTY_MUST_BE_FILLED
IP3_soma_SN,millimolar,EMPTY_MUST_BE_FILLED,EMPTY_MUST_BE_FILLED
a_2_soma_SN,per_millimolar_per_s,EMPTY_MUST_BE_FILLED,EMPTY_MUST_BE_FILLED
d_1_soma_SN,millimolar,EMPTY_MUST_BE_FILLED,EMPTY_MUST_BE_FILLED
d_2_soma_SN,millimolar,EMPTY_MUST_BE_FILLED,EMPTY_MUST_BE_FILLED
d_3_soma_SN,millimolar,EMPTY_MUST_BE_FILLED,EMPTY_MUST_BE_FILLED
d_5_soma_SN,millimolar,EMPTY_MUST_BE_FILLED,EMPTY_MUST_BE_FILLED
c_ER_pre_soma_SN,dimensionless,EMPTY_MUST_BE_FILLED,EMPTY_MUST_BE_FILLED
k_A_ER_soma_SN,dimensionless,EMPTY_MUST_BE_FILLED,EMPTY_MUST_BE_FILLED
k_V_ER_soma_SN,dimensionless,EMPTY_MUST_BE_FILLED,EMPTY_MUST_BE_FILLED
k_A_ER_pre_soma_SN,dimensionless,EMPTY_MUST_BE_FILLED,EMPTY_MUST_BE_FILLED
k_V_ER_pre_soma_SN,dimensionless,EMPTY_MUST_BE_FILLED,EMPTY_MUST_BE_FILLED
D_Ca_ER_soma_SN,m3_per_s,EMPTY_MUST_BE_FILLED,EMPTY_MUST_BE_FILLED
Q10_m_Na_soma_SN,dimensionless,EMPTY_MUST_BE_FILLED,EMPTY_MUST_BE_FILLED
Q10_h_Na_soma_SN,dimensionless,EMPTY_MUST_BE_FILLED,EMPTY_MUST_BE_FILLED
T_ref_Na_soma_SN,kelvin,EMPTY_MUST_BE_FILLED,EMPTY_MUST_BE_FILLED
Q10_m_Na1_6_soma_SN,dimensionless,EMPTY_MUST_BE_FILLED,EMPTY_MUST_BE_FILLED
Q10_h_Na1_6_soma_SN,dimensionless,EMPTY_MUST_BE_FILLED,EMPTY_MUST_BE_FILLED
T_ref_Na1_6_soma_SN,kelvin,EMPTY_MUST_BE_FILLED,EMPTY_MUST_BE_FILLED
Q10_CaL_soma_SN,dimensionless,EMPTY_MUST_BE_FILLED,EMPTY_MUST_BE_FILLED
T_ref_CaL_soma_SN,kelvin,EMPTY_MUST_BE_FILLED,EMPTY_MUST_BE_FILLED
Q10_Kv2_soma_SN,dimensionless,EMPTY_MUST_BE_FILLED,EMPTY_MUST_BE_FILLED
T_ref_Kv2_soma_SN,kelvin,EMPTY_MUST_BE_FILLED,EMPTY_MUST_BE_FILLED
Q10_m_Kv1_5_soma_SN,dimensionless,EMPTY_MUST_BE_FILLED,EMPTY_MUST_BE_FILLED
Q10_h_Kv1_5_soma_SN,dimensionless,EMPTY_MUST_BE_FILLED,EMPTY_MUST_BE_FILLED
T_ref_Kv1_5_soma_SN,kelvin,EMPTY_MUST_BE_FILLED,EMPTY_MUST_BE_FILLED
Q10_Kv4_2_soma_SN,dimensionless,EMPTY_MUST_BE_FILLED,EMPTY_MUST_BE_FILLED
T_ref_Kv4_2_soma_SN,kelvin,EMPTY_MUST_BE_FILLED,EMPTY_MUST_BE_FILLED
Q10_BK_soma_SN,dimensionless,EMPTY_MUST_BE_FILLED,EMPTY_MUST_BE_FILLED
T_ref_BK_soma_SN,kelvin,EMPTY_MUST_BE_FILLED,EMPTY_MUST_BE_FILLED
Q10_SK_soma_SN,dimensionless,EMPTY_MUST_BE_FILLED,EMPTY_MUST_BE_FILLED
T_ref_SK_soma_SN,kelvin,EMPTY_MUST_BE_FILLED,EMPTY_MUST_BE_FILLED
Q10_M_soma_SN,dimensionless,EMPTY_MUST_BE_FILLED,EMPTY_MUST_BE_FILLED
T_ref_M_soma_SN,kelvin,EMPTY_MUST_BE_FILLED,EMPTY_MUST_BE_FILLED
Q10_IP3R_soma_SN,dimensionless,EMPTY_MUST_BE_FILLED,EMPTY_MUST_BE_FILLED
T_ref_IP3R_soma_SN,kelvin,EMPTY_MUST_BE_FILLED,EMPTY_MUST_BE_FILLED
Q10_RyR_soma_SN,dimensionless,EMPTY_MUST_BE_FILLED,EMPTY_MUST_BE_FILLED
T_ref_RyR_soma_SN,kelvin,EMPTY_MUST_BE_FILLED,EMPTY_MUST_BE_FILLED
R,J_per_mol_K,EMPTY_MUST_BE_FILLED,EMPTY_MUST_BE_FILLED
F,C_per_mol,EMPTY_MUST_BE_FILLED,EMPTY_MUST_BE_FILLED
T,kelvin,EMPTY_MUST_BE_FILLED,EMPTY_MUST_BE_FILLED
channel_ratio_axon_SN,dimensionless,EMPTY_MUST_BE_FILLED,EMPTY_MUST_BE_FILLED
c_m_axon_SN,uF_per_cm2,EMPTY_MUST_BE_FILLED,EMPTY_MUST_BE_FILLED
d_ax_axon_SN,um,EMPTY_MUST_BE_FILLED,EMPTY_MUST_BE_FILLED
L_ax_axon_SN,um,EMPTY_MUST_BE_FILLED,EMPTY_MUST_BE_FILLED
R_i_axon_SN,ohm_cm,EMPTY_MUST_BE_FILLED,EMPTY_MUST_BE_FILLED
V_rest_approx_axon_SN,milliV,EMPTY_MUST_BE_FILLED,EMPTY_MUST_BE_FILLED
c_init_var_SN,dimensionless,EMPTY_MUST_BE_FILLED,EMPTY_MUST_BE_FILLED
hc_init_var_SN,dimensionless,EMPTY_MUST_BE_FILLED,EMPTY_MUST_BE_FILLED
V_mid_c_var_SN,milliV,EMPTY_MUST_BE_FILLED,EMPTY_MUST_BE_FILLED
V_den_c_var_SN,milliV,EMPTY_MUST_BE_FILLED,EMPTY_MUST_BE_FILLED
tau_c_min_var_SN,millis,EMPTY_MUST_BE_FILLED,EMPTY_MUST_BE_FILLED
tau_c_max_var_SN,millis,EMPTY_MUST_BE_FILLED,EMPTY_MUST_BE_FILLED
tau_hc_var_SN,millis,EMPTY_MUST_BE_FILLED,EMPTY_MUST_BE_FILLED
Cai_init_var_SN,millimolar,EMPTY_MUST_BE_FILLED,EMPTY_MUST_BE_FILLED
B_Ca_init_var_SN,millimolar,EMPTY_MUST_BE_FILLED,EMPTY_MUST_BE_FILLED
B_Ca_total_var_SN,millimolar,EMPTY_MUST_BE_FILLED,EMPTY_MUST_BE_FILLED
k_bind_Ca_var_SN,per_millimolar_s,EMPTY_MUST_BE_FILLED,EMPTY_MUST_BE_FILLED
k_unbind_Ca_var_SN,per_s,EMPTY_MUST_BE_FILLED,EMPTY_MUST_BE_FILLED
k_bind_Ca_ER_var_SN,per_millimolar_s,EMPTY_MUST_BE_FILLED,EMPTY_MUST_BE_FILLED
k_unbind_Ca_ER_var_SN,per_s,EMPTY_MUST_BE_FILLED,EMPTY_MUST_BE_FILLED
Nai_var_SN,millimolar,EMPTY_MUST_BE_FILLED,EMPTY_MUST_BE_FILLED
Nao_var_SN,millimolar,EMPTY_MUST_BE_FILLED,EMPTY_MUST_BE_FILLED
NE_init_var_SN,millimolar,EMPTY_MUST_BE_FILLED,EMPTY_MUST_BE_FILLED
Cai_NE_base_var_SN,millimolar,EMPTY_MUST_BE_FILLED,EMPTY_MUST_BE_FILLED
k_NE_var_SN,per_s,EMPTY_MUST_BE_FILLED,EMPTY_MUST_BE_FILLED
k_NET_var_SN,per_s,EMPTY_MUST_BE_FILLED,EMPTY_MUST_BE_FILLED
rho_CaN_var_SN,per_um2,EMPTY_MUST_BE_FILLED,EMPTY_MUST_BE_FILLED
gamma_CaN_var_SN,picoS,EMPTY_MUST_BE_FILLED,EMPTY_MUST_BE_FILLED
d_var_SN,um,EMPTY_MUST_BE_FILLED,EMPTY_MUST_BE_FILLED
k_A_var_SN,dimensionless,EMPTY_MUST_BE_FILLED,EMPTY_MUST_BE_FILLED
k_V_var_SN,dimensionless,EMPTY_MUST_BE_FILLED,EMPTY_MUST_BE_FILLED
Cao_var_SN,millimolar,EMPTY_MUST_BE_FILLED,EMPTY_MUST_BE_FILLED
cAMP_var_SN,dimensionless,EMPTY_MUST_BE_FILLED,EMPTY_MUST_BE_FILLED
rho_NaCa_var_SN,per_um2,EMPTY_MUST_BE_FILLED,EMPTY_MUST_BE_FILLED
r_NaCa_var_SN,per_s,EMPTY_MUST_BE_FILLED,EMPTY_MUST_BE_FILLED
alpha_NaCa_var_SN,dimensionless,EMPTY_MUST_BE_FILLED,EMPTY_MUST_BE_FILLED
gamma_NaCa_var_SN,dimensionless,EMPTY_MUST_BE_FILLED,EMPTY_MUST_BE_FILLED
Ksat_var_SN,dimensionless,EMPTY_MUST_BE_FILLED,EMPTY_MUST_BE_FILLED
KmCa_var_SN,millimolar,EMPTY_MUST_BE_FILLED,EMPTY_MUST_BE_FILLED
KmNai_var_SN,millimolar,EMPTY_MUST_BE_FILLED,EMPTY_MUST_BE_FILLED
Ca_ER_init_var_SN,millimolar,EMPTY_MUST_BE_FILLED,EMPTY_MUST_BE_FILLED
K_mf_var_SN,millimolar,EMPTY_MUST_BE_FILLED,EMPTY_MUST_BE_FILLED
K_mr_var_SN,millimolar,EMPTY_MUST_BE_FILLED,EMPTY_MUST_BE_FILLED
rho_SERCA_var_SN,per_um2,EMPTY_MUST_BE_FILLED,EMPTY_MUST_BE_FILLED
r_SERCA_var_SN,per_s,EMPTY_MUST_BE_FILLED,EMPTY_MUST_BE_FILLED
H_SERCA_var_SN,dimensionless,EMPTY_MUST_BE_FILLED,EMPTY_MUST_BE_FILLED
rho_RyR_var_SN,per_um2,EMPTY_MUST_BE_FILLED,EMPTY_MUST_BE_FILLED
k_RyR_single_var_SN,um3_per_s,EMPTY_MUST_BE_FILLED,EMPTY_MUST_BE_FILLED
kon_a_RyR_var_SN,per_millimolar_per_s,EMPTY_MUST_BE_FILLED,EMPTY_MUST_BE_FILLED
koff_a_RyR_var_SN,per_s,EMPTY_MUST_BE_FILLED,EMPTY_MUST_BE_FILLED
kon_i_RyR_var_SN,per_millimolar_per_s,EMPTY_MUST_BE_FILLED,EMPTY_MUST_BE_FILLED
koff_i_RyR_var_SN,per_s,EMPTY_MUST_BE_FILLED,EMPTY_MUST_BE_FILLED
kon_l_RyR_var_SN,per_millimolar_per_s,EMPTY_MUST_BE_FILLED,EMPTY_MUST_BE_FILLED
koff_l_RyR_var_SN,per_s,EMPTY_MUST_BE_FILLED,EMPTY_MUST_BE_FILLED
N_l_RyR_var_SN,dimensionless,EMPTY_MUST_BE_FILLED,EMPTY_MUST_BE_FILLED
rho_IP3R_var_SN,per_um2,EMPTY_MUST_BE_FILLED,EMPTY_MUST_BE_FILLED
k_IP3R_single_var_SN,um3_per_s,EMPTY_MUST_BE_FILLED,EMPTY_MUST_BE_FILLED
rho_leak_Ca_var_SN,per_um2,EMPTY_MUST_BE_FILLED,EMPTY_MUST_BE_FILLED
k_leak_Ca_single_var_SN,um3_per_s,EMPTY_MUST_BE_FILLED,EMPTY_MUST_BE_FILLED
h_IP3_init_var_SN,dimensionless,EMPTY_MUST_BE_FILLED,EMPTY_MUST_BE_FILLED
IP3_var_SN,millimolar,EMPTY_MUST_BE_FILLED,EMPTY_MUST_BE_FILLED
a_2_var_SN,per_millimolar_per_s,EMPTY_MUST_BE_FILLED,EMPTY_MUST_BE_FILLED
d_1_var_SN,millimolar,EMPTY_MUST_BE_FILLED,EMPTY_MUST_BE_FILLED
d_2_var_SN,millimolar,EMPTY_MUST_BE_FILLED,EMPTY_MUST_BE_FILLED
d_3_var_SN,millimolar,EMPTY_MUST_BE_FILLED,EMPTY_MUST_BE_FILLED
d_5_var_SN,millimolar,EMPTY_MUST_BE_FILLED,EMPTY_MUST_BE_FILLED
c_ER_var_SN,dimensionless,EMPTY_MUST_BE_FILLED,EMPTY_MUST_BE_FILLED
c_SL_var_SN,dimensionless,EMPTY_MUST_BE_FILLED,EMPTY_MUST_BE_FILLED
D_Ca_var_SN,m3_per_s,EMPTY_MUST_BE_FILLED,EMPTY_MUST_BE_FILLED
c_ER_pre_var_SN,dimensionless,EMPTY_MUST_BE_FILLED,EMPTY_MUST_BE_FILLED
k_A_ER_var_SN,dimensionless,EMPTY_MUST_BE_FILLED,EMPTY_MUST_BE_FILLED
k_V_ER_var_SN,dimensionless,EMPTY_MUST_BE_FILLED,EMPTY_MUST_BE_FILLED
k_A_ER_pre_var_SN,dimensionless,EMPTY_MUST_BE_FILLED,EMPTY_MUST_BE_FILLED
k_V_ER_pre_var_SN,dimensionless,EMPTY_MUST_BE_FILLED,EMPTY_MUST_BE_FILLED
D_Ca_ER_var_SN,m3_per_s,EMPTY_MUST_BE_FILLED,EMPTY_MUST_BE_FILLED
Q10_CaN_var_SN,dimensionless,EMPTY_MUST_BE_FILLED,EMPTY_MUST_BE_FILLED
T_ref_CaN_var_SN,kelvin,EMPTY_MUST_BE_FILLED,EMPTY_MUST_BE_FILLED
Q10_IP3R_var_SN,dimensionless,EMPTY_MUST_BE_FILLED,EMPTY_MUST_BE_FILLED
T_ref_IP3R_var_SN,kelvin,EMPTY_MUST_BE_FILLED,EMPTY_MUST_BE_FILLED
Q10_RyR_var_SN,dimensionless,EMPTY_MUST_BE_FILLED,EMPTY_MUST_BE_FILLED
T_ref_RyR_var_SN,kelvin,EMPTY_MUST_BE_FILLED,EMPTY_MUST_BE_FILLED
N_avo,per_mol,EMPTY_MUST_BE_FILLED,EMPTY_MUST_BE_FILLED
